,TimeStamp,AI0_Vibration,AI1_Vibration,AI2_Current,Equipment_state
0,2022-07-17 10:51:07.943,0.29372695,-0.54055375,21.457675,1
1,2022-07-17 10:51:08.043,1.0703204,-0.55738194,-44.107442000000006,1
2,2022-07-17 10:51:08.143,0.90869242,0.063108272,25.033954,1
3,2022-07-17 10:51:08.243,0.23592147,0.50932143,-101.32791,1
4,2022-07-17 10:51:16.724,0.31553783,0.20531456,34.570698,1
5,2022-07-17 10:51:16.824,-0.30299289,0.30915396,70.333489,1
6,2022-07-17 10:51:16.924,-0.20851951,0.24723456,151.39582,1
7,2022-07-17 10:51:17.024,-0.10328419,0.25261634,147.81954,1
8,2022-07-17 10:51:17.124,-0.0030048799,0.26231512,110.86465,1
9,2022-07-17 10:51:17.224,-0.034705724,0.16326723,32.186512,1
10,2022-07-17 10:51:17.324,0.10219733,0.18943541,185.96651,1
11,2022-07-17 10:51:17.424,-0.25183223,0.061985622,-107.28837,1
12,2022-07-17 10:51:17.524,-0.72065593,0.18661143,103.71209,1
13,2022-07-17 10:51:17.624,-1.0084029,0.18383373,-59.604652,1
14,2022-07-17 10:51:17.724,-0.55159947,-0.03054626,-98.943722,1
15,2022-07-17 10:51:17.824,0.05619137,-0.41095125,-58.412559,1
16,2022-07-17 10:51:17.924,0.77666812,-0.63460179,-41.723256000000006,1
17,2022-07-17 10:51:18.024,1.0141485,-0.27726322,-4.7683722,1
18,2022-07-17 10:51:18.124,0.66565997,0.22642502,19.073489,1
19,2022-07-17 10:51:18.224,0.14287199,0.35294891,-10.728837,1
20,2022-07-17 10:51:18.324,-0.35207842,0.27173613,20.265582,1
21,2022-07-17 10:51:18.424,-0.78304213,0.2774304,11.92093,1
22,2022-07-17 10:51:18.524,-0.7427538,0.2534728,-183.58233,1
23,2022-07-17 10:51:18.624,-0.38071073,-0.2854227,-141.85907,1
24,2022-07-17 10:51:18.724,0.44957103,-0.61829442,-84.638606,1
25,2022-07-17 10:51:18.824,0.97580285,-0.31235474,-54.83628,1
26,2022-07-17 10:51:18.924,0.45143644,0.37491583,-183.58233,1
27,2022-07-17 10:51:19.024,0.51206762,-0.44267481,181.19814,1
28,2022-07-17 10:51:19.124,-0.29843423,-0.03294202,87.022792,1
29,2022-07-17 10:51:19.224,-0.22486664,-0.05416822,25.033954,1
30,2022-07-17 10:51:19.324,-0.15277812,-0.070301984,76.293954,1
31,2022-07-17 10:51:19.424,-0.17111207,0.029069965,125.16977,1
32,2022-07-17 10:51:19.524,0.088731095,0.21633274,95.367443,1
33,2022-07-17 10:51:19.624,-0.027553166,0.26119247,128.74605,1
34,2022-07-17 10:51:19.724,0.020693488,0.26979174,72.717675,1
35,2022-07-17 10:51:19.824,0.015770585,0.27914331,95.367443,1
36,2022-07-17 10:51:19.924,0.039844242,0.25953743,27.41814,1
37,2022-07-17 10:51:20.024,0.071567162,0.21963125,90.599071,1
38,2022-07-17 10:51:20.124,0.063531572,0.24368143,47.683722,1
39,2022-07-17 10:51:20.224,0.083741964,-0.17587745,69.141396,1
40,2022-07-17 10:51:20.324,0.11077378,-0.18301843,72.717675,1
41,2022-07-17 10:51:20.424,0.040837653,-0.097257176,119.2093,1
42,2022-07-17 10:51:20.524,0.14821433,-0.16974338,60.796745,1
43,2022-07-17 10:51:20.624,0.1271761,-0.17331966,-7.1525582000000005,1
44,2022-07-17 10:51:20.724,0.10451529,-0.13157325,135.89861,1
45,2022-07-17 10:51:20.824,0.074194182,-0.12804327,85.83069900000001,1
46,2022-07-17 10:51:20.924,0.092991723,-0.1683661,79.870234,1
47,2022-07-17 10:51:21.024,0.091578872,-0.14827413,94.17535,1
48,2022-07-17 10:51:21.124,0.062107683,-0.16543795,67.949303,1
49,2022-07-17 10:51:21.224,0.066324161,-0.15020694,44.107442000000006,1
50,2022-07-17 10:51:21.324,0.041444737,-0.14007994,95.367443,1
51,2022-07-17 10:51:21.424,0.07252746,-0.13643421,132.32233,1
52,2022-07-17 10:51:21.524,0.094316271,-0.13323987,181.19814,1
53,2022-07-17 10:51:21.624,0.10750656,-0.15582019,57.220466,1
54,2022-07-17 10:51:23.615,0.018761856,-0.1593849,164.50884,1
55,2022-07-17 10:51:23.715,0.11277164,-0.14023039,45.299535000000006,1
56,2022-07-17 10:51:23.815,0.0961596,-0.14276504,11.92093,1
57,2022-07-17 10:51:23.915,0.1176835,-0.13832073,78.67814000000001,1
58,2022-07-17 10:51:24.015,0.010328902,-0.13299682,153.78,1
59,2022-07-17 10:51:24.115,0.037371753,-0.11535847,94.17535,1
60,2022-07-17 10:51:24.215,0.011112592,-0.12424709,-63.180931,1
61,2022-07-17 10:51:24.315,-0.051847581,-0.14057761,165.70093,1
62,2022-07-17 10:51:24.415,0.096501775,-0.13626061,133.51442,1
63,2022-07-17 10:51:24.515,0.089338179,-0.13180473,125.16977,1
64,2022-07-17 10:51:24.615,0.076092701,-0.10680549,17.881396,1
65,2022-07-17 10:51:24.715,0.033353958,-0.070556606,82.25442,1
66,2022-07-17 10:51:24.815,0.04568329,-0.070845949,100.13582,1
67,2022-07-17 10:51:24.915,-0.90681008,0.32970889,-97.751629,1
68,2022-07-17 10:51:25.015,-0.81761283,0.27299766,-32.186512,1
69,2022-07-17 10:51:25.115,-0.67382212,-0.16860915,-88.21488500000001,1
70,2022-07-17 10:51:25.215,0.039126779,-0.54696559,8.344651299999999,1
71,2022-07-17 10:51:25.315,0.60786554,-0.65786497,-149.01163,1
72,2022-07-17 10:51:25.415,0.90028154,-0.30307262,-4.7683722,1
73,2022-07-17 10:51:25.515,0.77455988,0.12670586,-78.67814000000001,1
74,2022-07-17 10:51:25.615,0.36752633,0.33792623,-57.220466,1
75,2022-07-17 10:51:25.715,-0.037376896,0.31792684,-119.2093,1
76,2022-07-17 10:51:25.815,-0.49312069,0.33882898,-14.305116,1
77,2022-07-17 10:51:25.915,-0.78852796,0.30414254,-97.751629,1
78,2022-07-17 10:51:26.015,-0.8093344,0.13280521,-163.31675,1
79,2022-07-17 10:51:26.115,-0.46426762,-0.35951764,-89.406978,1
80,2022-07-17 10:51:26.215,0.18571007,-0.67001737,-108.48047,1
81,2022-07-17 10:51:26.315,0.87640657,-0.43525606,-110.86465,1
82,2022-07-17 10:51:26.415,1.0029671,0.14065219,-127.55396,1
83,2022-07-17 10:51:26.515,0.56532548,0.37315663,-83.44651300000001,1
84,2022-07-17 10:51:26.615,0.014733023,0.32789181,-139.47489000000002,1
85,2022-07-17 10:51:26.715,-0.50401509,0.40272748,-144.24326,1
86,2022-07-17 10:51:26.815,-0.79093423,0.31933883,-115.63302,1
87,2022-07-17 10:51:26.915,-0.86031846,-0.26631449,-165.70093,1
88,2022-07-17 10:51:27.015,-0.089288132,-0.63668506,-76.293954,1
89,2022-07-17 10:51:27.115,0.98647649,-0.46380842,-94.17535,1
90,2022-07-17 10:51:27.215,1.1848827,-0.10034736,-141.85907,1
91,2022-07-17 10:51:27.315,0.59527129,-0.38463261,128.74605,1
92,2022-07-17 10:51:27.415,0.275978,-0.22223019,38.146977,1
93,2022-07-17 10:51:27.515,0.26995131,-0.12489522,83.44651300000001,1
94,2022-07-17 10:51:27.615,0.27341721,-0.19892072,26.226047,1
95,2022-07-17 10:51:27.715,0.27747916,-0.08447979,92.983257,1
96,2022-07-17 10:51:27.815,0.088300617,-0.057385714,67.949303,1
97,2022-07-17 10:51:27.915,0.069878364,-0.012606996,120.4014,1
98,2022-07-17 10:51:28.015,0.080187761,-0.0032322839,28.610233,1
99,2022-07-17 10:51:28.115,0.054745405,0.021558622,91.791164,1
100,2022-07-17 10:51:28.215,0.023375698,0.022577109,67.949303,1
101,2022-07-17 10:51:31.734,0.049347873,0.087089018,133.51442,1
102,2022-07-17 10:51:31.834,0.033950004,0.19192376,118.01721,1
103,2022-07-17 10:51:31.934,0.060694832,-0.046101338,73.909768,1
104,2022-07-17 10:51:32.034,0.061721357,-0.055360313,52.452094,1
105,2022-07-17 10:51:32.134,0.07809056,-0.055915852,53.644187,1
106,2022-07-17 10:51:32.234,0.031091189,-0.052327999,101.32791,1
107,2022-07-17 10:51:32.334,0.10139156,-0.10148158,208.61628,1
108,2022-07-17 10:51:32.434,0.012249496,-0.065938692,94.17535,1
109,2022-07-17 10:51:32.534,0.047063028,-0.075683764,58.412559,1
110,2022-07-17 10:51:32.634,0.031278833,-0.064445683,-94.17535,1
111,2022-07-17 10:51:32.734,0.029567959,-0.094213287,118.01721,1
112,2022-07-17 10:51:32.834,0.017028906,-0.12141153,56.028373,1
113,2022-07-17 10:51:32.934,0.11274956,-0.077952213,71.525582,1
114,2022-07-17 10:51:33.034,0.050341284,-0.10909709,106.09628,1
115,2022-07-17 10:51:33.134,-0.0039320633,-0.1132752,-19.073489,1
116,2022-07-17 10:51:33.234,0.019611774,-0.12101802,112.05675,1
117,2022-07-17 10:51:33.334,0.042228428,-0.081667376,10.728837,1
118,2022-07-17 10:51:33.434,0.021410952,-0.11598345,258.68419,1
119,2022-07-17 10:51:33.534,0.047537657,-0.072825055,25.033954,1
120,2022-07-17 10:51:33.634,0.055904384,-0.078577193,94.17535,1
121,2022-07-17 10:51:33.734,0.034987567,-0.090555992,138.28279,1
122,2022-07-17 10:51:33.834,0.012547519,-0.10908552,-5.9604652,1
123,2022-07-17 10:51:33.934,0.010902872,-0.12858723,73.909768,1
124,2022-07-17 10:51:34.034,0.0085628378,-0.13076309,23.841861,1
125,2022-07-17 10:51:34.134,-0.0067246516,-0.081204428,64.373024,1
126,2022-07-17 10:51:34.234,0.038409315,-0.089884717,5.9604652,1
127,2022-07-17 10:51:34.334,-0.0080712753,-0.11135397,66.75721,1
128,2022-07-17 10:51:34.434,0.025550164,-0.10251164,66.75721,1
129,2022-07-17 10:51:34.534,0.015770585,-0.11285855,154.97209,1
130,2022-07-17 10:51:34.634,0.0081654734,-0.13284636,19.073489,1
131,2022-07-17 10:51:34.734,0.069061559,-0.14255671,35.762791,1
132,2022-07-17 10:51:39.999,0.14524513,-0.13643421,-40.53116300000001,1
133,2022-07-17 10:51:40.099,-0.036449712,-0.0771652,65.565117,1
134,2022-07-17 10:51:40.199,0.0061565759,-0.11053223,85.83069900000001,1
135,2022-07-17 10:51:40.299,-0.3958768,0.10553753,-129.93814,1
136,2022-07-17 10:51:40.399,-0.537482,0.16562827,-259.87628,1
137,2022-07-17 10:51:40.499,-1.0435476,0.12384715,-26.226047,1
138,2022-07-17 10:51:40.599,-0.9547256,-0.098310384,-33.378605,1
139,2022-07-17 10:51:40.699,-0.29186668,-0.45667901,-70.333489,1
140,2022-07-17 10:51:40.799,0.60917905,-0.54426892,-168.08512000000002,1
141,2022-07-17 10:51:40.899,1.214663,-0.29509832,-203.84791,1
142,2022-07-17 10:51:40.999,1.1296932,0.074068584,-138.28279,1
143,2022-07-17 10:51:41.099,0.51275197,0.36157133,-230.07396,1
144,2022-07-17 10:51:41.199,-0.083393895,0.34958096,-180.00605,1
145,2022-07-17 10:51:41.299,-0.51964476,0.27803223,-138.28279,1
146,2022-07-17 10:51:41.399,-0.88631271,0.23328823,-216.96093,1
147,2022-07-17 10:51:41.499,-1.1061545,0.098130345,-125.16977,1
148,2022-07-17 10:51:41.599,-0.51882795,-0.29932273,-197.88744,1
149,2022-07-17 10:51:41.699,0.55337143,-0.64508758,-157.35628000000003,1
150,2022-07-17 10:51:48.093,1.2754045,-0.41103227,-158.54837,1
151,2022-07-17 10:51:48.193,1.0632451,0.14878851,-151.39582,1
152,2022-07-17 10:51:48.293,0.18182473,0.41165081,-115.63302,1
153,2022-07-17 10:51:56.684,-0.56095961,0.29034667,-267.02884,1
154,2022-07-17 10:51:56.784,-1.1479882,0.2396885,-147.81954,1
155,2022-07-17 10:51:56.884,-1.093472,-0.0095052395,-200.27163,1
156,2022-07-17 10:51:56.984,-0.59016589,-0.1065393,-53.644187,1
157,2022-07-17 10:51:57.084,-0.11512785,0.059115339,-2.3841861,1
158,2022-07-17 10:51:57.184,-0.1798872,0.02812092,9.5367443,1
159,2022-07-17 10:51:57.284,-0.26812416,0.14086052,-26.226047,1
160,2022-07-17 10:51:57.384,-0.28524394,0.18681975,26.226047,1
161,2022-07-17 10:51:57.484,-0.20783516,0.20820799,104.90419,1
162,2022-07-17 10:51:57.584,-0.29374313,0.19865967,-22.649768,1
163,2022-07-17 10:51:57.684,-0.31084083,0.21566146,9.5367443,1
164,2022-07-17 10:51:57.784,-0.24599318,0.27954839,-17.881396,1
165,2022-07-17 10:51:57.884,-0.23616945,0.28683983,-15.497209,1
166,2022-07-17 10:51:57.984,-0.20955707,0.31017245,-2.3841861,1
167,2022-07-17 10:51:58.084,-0.22049563,0.33098199,-13.113023,1
168,2022-07-17 10:51:58.184,0.020936322,-0.034284571,-14.305116,1
169,2022-07-17 10:51:58.284,0.049977033,-0.071100571,65.565117,1
170,2022-07-17 10:51:58.384,-0.00062069378,-0.067917798,53.644187,1
171,2022-07-17 10:51:58.484,0.076048549,-0.063438769,135.89861,1
172,2022-07-17 10:51:58.584,0.032901404,-0.097141438,29.802326,1
173,2022-07-17 10:51:58.684,-0.004726792,-0.067142359,-28.610233,1
174,2022-07-17 10:51:58.784,0.030351649,-0.13885312,-20.265582,1
175,2022-07-17 10:51:58.884,-0.0045281098,-0.069538119,60.796745,1
176,2022-07-17 10:51:58.984,0.031035999,-0.067119212,23.841861,1
177,2022-07-17 10:51:59.084,-0.021979027,-0.077223068,-3.5762791000000003,1
178,2022-07-17 10:51:59.184,-0.054662245,-0.11870328,-3.5762791000000003,1
179,2022-07-17 10:51:59.284,0.037713928,-0.1046875,88.21488500000001,1
180,2022-07-17 10:51:59.384,0.073918235,-0.10810175,3.5762791000000003,1
181,2022-07-17 10:51:59.484,0.046168958,-0.13270748,79.870234,1
182,2022-07-17 10:51:59.584,0.026444233,-0.12145782,54.83628,1
183,2022-07-17 10:51:59.684,0.30700554,-0.086655649,-41.723256000000006,1
184,2022-07-17 10:51:59.784,0.038056103,0.2794558,-17.881396,1
185,2022-07-17 10:51:59.884,1.5223885,-0.70039838,-245.57117,1
186,2022-07-17 10:51:59.984,1.5525772,-0.47321786,-326.63349,1
187,2022-07-17 10:52:00.084,1.18613,0.071406629,-196.69535,1
188,2022-07-17 10:52:00.184,0.092815117,0.48463469,-166.89302999999998,1
189,2022-07-17 10:52:00.284,-0.67898786,0.34026412,-306.36791,1
190,2022-07-17 10:52:00.384,-0.99851295,0.18612533,-176.42977000000002,1
191,2022-07-17 10:52:00.484,-1.0720695,0.16835967,-221.7293,1
192,2022-07-17 10:52:00.584,-0.56020903,-0.025557987,-263.45256,1
193,2022-07-17 10:52:00.684,-0.52779073,-0.028937513,51.260001,1
194,2022-07-17 10:52:00.784,-0.17202822,0.29181653,-129.93814,1
195,2022-07-17 10:52:00.884,-0.12992967,0.31642226,-63.180931,1
196,2022-07-17 10:52:00.984,-0.34951763,0.38162859,-8.344651299999999,1
197,2022-07-17 10:52:01.084,0.44060826,-0.22576018,-236.03442,1
198,2022-07-17 10:52:01.184,0.75217502,-0.66704293,-209.80837,1
199,2022-07-17 10:52:01.284,1.0047663,-0.2510256,-269.41303,1
200,2022-07-17 10:52:01.384,0.57656206,0.19039603,-399.35117,1
201,2022-07-17 10:52:01.484,0.087174751,0.37532091,-247.95535,1
202,2022-07-17 10:52:01.584,-0.32913063,0.34562275,-150.20372,1
203,2022-07-17 10:52:04.407,-0.53801182,0.2297814,-240.80279,1
204,2022-07-17 10:52:04.507,-0.68500351,0.26120404,-258.68419,1
205,2022-07-17 10:52:04.607,-0.70739941,0.02030866,-338.55442,1
206,2022-07-17 10:52:04.707,0.0083751935,-0.42033754,-251.53163,1
207,2022-07-17 10:52:04.807,0.75119265,-0.50135357,-232.45814,1
208,2022-07-17 10:52:04.907,0.9826353,-0.26276135,-212.19256,1
209,2022-07-17 10:52:05.007,0.49222147,0.20107857,-349.28326000000004,1
210,2022-07-17 10:52:05.107,-0.058370979,0.39025101,-342.1307,1
211,2022-07-17 10:52:05.207,-0.46125427,0.38262393,-319.48092999999994,1
212,2022-07-17 10:52:05.307,-0.63887614,0.42199772,-195.50326,1
213,2022-07-17 10:52:05.407,-0.55512056,0.102864,-294.44698,1
214,2022-07-17 10:52:05.507,-0.34961697,0.058976455,-11.92093,1
215,2022-07-17 10:52:05.607,0.084006874,0.19921521,65.565117,1
216,2022-07-17 10:52:05.707,0.10290376,0.16300104,-56.028373,1
217,2022-07-17 10:52:05.807,-0.066616289,0.19938881,45.299535000000006,1
218,2022-07-17 10:52:05.907,-0.16957781,0.21389068,-66.75721,1
219,2022-07-17 10:52:06.007,-0.21056152,0.25717639,-15.497209,1
220,2022-07-17 10:52:06.107,-0.1999541,0.24136669,33.378605,1
221,2022-07-17 10:52:06.207,-0.20979991,0.23860057,-21.457675,1
222,2022-07-17 10:52:06.307,-0.24953634,0.24353097,-57.220466,1
223,2022-07-17 10:52:06.407,-0.15730366,0.23765153,29.802326,1
224,2022-07-17 10:52:06.507,-0.16367253,0.3112488,27.41814,1
225,2022-07-17 10:52:06.607,-0.20543994,0.36077275,-11.92093,1
226,2022-07-17 10:52:06.707,0.15437348,-0.15094766,-7.1525582000000005,1
227,2022-07-17 10:52:06.807,0.09532072,-0.13645736,26.226047,1
228,2022-07-17 10:52:06.907,0.07073932,-0.13517268,19.073489,1
229,2022-07-17 10:52:07.007,0.02877323,-0.13333246,47.683722,1
230,2022-07-17 10:52:07.107,0.081225324,-0.093808207,-52.452094,1
231,2022-07-17 10:52:07.207,0.088973928,-0.12348322,20.265582,1
232,2022-07-17 10:52:07.307,0.13917429,-0.12303185,39.33907000000001,1
233,2022-07-17 10:52:07.407,0.070728282,-0.13253387,-119.2093,1
234,2022-07-17 10:52:07.507,0.074326637,-0.11330992,-78.67814000000001,1
235,2022-07-17 10:52:07.607,0.07405069,-0.13386485,-109.67256,1
236,2022-07-17 10:52:07.707,0.088422033,-0.16144502,109.67256,1
237,2022-07-17 10:52:07.807,0.0552973,-0.11769636,-94.17535,1
238,2022-07-17 10:52:07.907,0.091325001,-0.12243001,28.610233,1
239,2022-07-17 10:52:08.007,0.052493674,-0.15129487,-71.525582,1
240,2022-07-17 10:52:08.107,0.085508028,-0.12258047,95.367443,1
241,2022-07-17 10:52:08.207,0.076898467,-0.13094827,-71.525582,1
242,2022-07-17 10:52:08.307,0.094570143,-0.14034613,35.762791,1
243,2022-07-17 10:52:12.567,0.084547731,-0.17960418,104.90419,1
244,2022-07-17 10:52:12.667,0.037989875,-0.17730101,116.82512,1
245,2022-07-17 10:52:12.767,0.052449522,-0.1507509,47.683722,1
246,2022-07-17 10:52:12.867,0.096104411,-0.14771859,15.497209,1
247,2022-07-17 10:52:12.967,0.10812468,-0.14512608,-168.08512000000002,1
248,2022-07-17 10:52:13.067,0.083256297,-0.15681553,-28.610233,1
249,2022-07-17 10:52:13.167,0.10502303,-0.13933922,0.0,1
250,2022-07-17 10:52:13.267,0.091578872,-0.13263803,7.1525582000000005,1
251,2022-07-17 10:52:13.367,0.072626801,-0.16489399,-2.3841861,1
252,2022-07-17 10:52:13.467,0.059922179,-0.15548455,22.649768,1
253,2022-07-17 10:52:13.567,0.055021353,-0.17072714,84.638606,1
254,2022-07-17 10:52:13.667,0.083013463,-0.1392582,61.988838,1
255,2022-07-17 10:52:13.767,0.099559273,-0.16298432,-126.36186,1
256,2022-07-17 10:52:13.867,0.1418565,-0.14249884,120.4014,1
257,2022-07-17 10:52:13.967,0.16477118,-0.14328586,38.146977,1
258,2022-07-17 10:52:14.067,0.077615931,-0.11864541,-11.92093,1
259,2022-07-17 10:52:14.167,-0.011945578,-0.088218101,4.7683722,1
260,2022-07-17 10:52:14.267,0.65825354,-0.7512533,-79.870234,1
261,2022-07-17 10:52:14.367,0.74485689,-0.45572997,-185.96651,1
262,2022-07-17 10:52:14.467,0.70486659,-0.014377775,-98.943722,1
263,2022-07-17 10:52:14.567,0.28476417,0.38180219,-70.333489,1
264,2022-07-17 10:52:14.667,-0.19848606,0.43896479,-120.4014,1
265,2022-07-17 10:52:14.767,-0.35238748,0.29983712,-185.96651,1
266,2022-07-17 10:52:14.867,-0.59300263,0.27615729,-107.28837,1
267,2022-07-17 10:52:14.967,-0.72322776,0.19169229,-94.17535,1
268,2022-07-17 10:52:21.018,-0.43752279,-0.039955694,-33.378605,1
269,2022-07-17 10:52:21.118,0.026874711,-0.52731342,-50.067908,1
270,2022-07-17 10:52:21.218,0.54211278,-0.71433314,-175.23767999999998,1
271,2022-07-17 10:52:21.318,0.78196631,-0.25027331,-140.66698,1
272,2022-07-17 10:52:21.418,0.52067718,0.28664308,-114.44093,1
273,2022-07-17 10:52:21.518,0.14722092,0.41908114,-168.08512000000002,1
274,2022-07-17 10:52:21.618,-0.21849777,0.30170049,-59.604652,1
275,2022-07-17 10:52:21.718,-0.56633507,0.28952493,-128.74605,1
276,2022-07-17 10:52:29.326,-0.75195941,0.25165573,-209.80837,1
277,2022-07-17 10:52:29.426,-0.64600662,-0.33873124,-249.14744,1
278,2022-07-17 10:52:29.526,0.0045229669,-0.74273505,-221.7293,1
279,2022-07-17 10:52:29.626,0.67336443,-0.3104798,-58.412559,1
280,2022-07-17 10:52:38.172,0.9721493,0.17281555,-107.28837,1
281,2022-07-17 10:52:38.272,0.66219407,0.17252621,-104.90419,1
282,2022-07-17 10:52:38.372,0.023232205,0.070376568,-3.5762791000000003,1
283,2022-07-17 10:52:38.472,0.21169328,-0.069133039,-58.412559,1
284,2022-07-17 10:52:38.572,0.12444973,0.030655565,-107.28837,1
285,2022-07-17 10:52:38.672,0.087395509,0.10703054,47.683722,1
286,2022-07-17 10:52:38.772,0.11428383,0.098743753,-59.604652,1
287,2022-07-17 10:52:38.872,-0.11046986,0.17758393,9.5367443,1
288,2022-07-17 10:52:38.972,-0.026283808,0.14789734,-14.305116,1
289,2022-07-17 10:52:39.072,-0.073978567,0.2081154,-35.762791,1
290,2022-07-17 10:52:39.172,-0.084122396,0.23674878,26.226047,1
291,2022-07-17 10:52:39.272,-0.10777661,0.24605405,-30.994419,1
292,2022-07-17 10:52:39.372,-0.094564248,0.23074202,-5.9604652,1
293,2022-07-17 10:52:39.472,0.099228136,-0.17311133,-11.92093,1
294,2022-07-17 10:52:39.572,0.043817886,-0.16101679,102.52,1
295,2022-07-17 10:52:39.672,0.11422864,-0.13041588,42.915349000000006,1
296,2022-07-17 10:52:39.772,0.039789053,-0.15354017,44.107442000000006,1
297,2022-07-17 10:52:39.872,0.066467653,-0.15468597,-61.988838,1
298,2022-07-17 10:52:39.972,0.079381995,-0.14164239,41.723256000000006,1
299,2022-07-17 10:52:40.072,0.11023292,-0.15038054,-85.83069900000001,1
300,2022-07-17 10:52:40.172,0.12435039,-0.19228898,52.452094,1
301,2022-07-17 10:52:40.272,0.091788592,-0.14764915,-25.033954,1
302,2022-07-17 10:52:40.372,0.079646904,-0.16171122,34.570698,1
303,2022-07-17 10:52:40.472,0.033585754,-0.15734792,60.796745,1
304,2022-07-17 10:52:40.572,0.053211137,-0.16878276,-23.841861,1
305,2022-07-17 10:52:40.672,0.097439996,-0.15297306,33.378605,1
306,2022-07-17 10:52:40.772,0.088300617,-0.18746274,120.4014,1
307,2022-07-17 10:52:40.872,0.089614126,-0.17785655,-33.378605,1
308,2022-07-17 10:52:40.972,0.053189061,-0.15369063,40.53116300000001,1
309,2022-07-17 10:52:41.072,0.078763872,-0.1548943,20.265582,1
310,2022-07-17 10:52:41.172,0.05661081,-0.16859758,-10.728837,1
311,2022-07-17 10:52:41.272,0.073719553,-0.15893352,56.028373,1
312,2022-07-17 10:52:41.372,0.056688075,-0.13642264,151.39582,1
313,2022-07-17 10:52:41.472,0.047405203,-0.16635228,-1.192093,1
314,2022-07-17 10:52:41.572,0.05030817,-0.16121355,-54.83628,1
315,2022-07-17 10:52:41.672,0.057328273,-0.18203467,95.367443,1
316,2022-07-17 10:52:41.772,0.059988407,-0.19440697,-25.033954,1
317,2022-07-17 10:52:41.872,0.02546186,-0.18518272,-66.75721,1
318,2022-07-17 10:52:41.972,0.0067195087,-0.12889972,21.457675,1
319,2022-07-17 10:52:42.072,0.04242711,-0.076181434,41.723256000000006,1
320,2022-07-17 10:52:42.172,0.1782926,-0.13204777,32.186512,1
321,2022-07-17 10:52:42.272,-0.28763917,0.09194998,-60.796745,1
322,2022-07-17 10:52:42.372,-0.48794391,0.22085806,-98.943722,1
323,2022-07-17 10:52:42.472,-0.96386498,0.1775492,-123.97768,1
324,2022-07-17 10:52:42.572,-0.99543337,-0.0439602,-46.491628000000006,1
325,2022-07-17 10:52:42.672,-0.2890741,-0.58445287,-96.559536,1
326,2022-07-17 10:52:42.772,0.49622823,-0.70132428,-69.141396,1
327,2022-07-17 10:52:42.872,1.0064882,-0.28811937,-22.649768,1
328,2022-07-17 10:52:42.972,0.91458666,0.13657824,-33.378605,1
329,2022-07-17 10:52:43.072,0.48363399,0.40670884,-84.638606,1
330,2022-07-17 10:52:45.655,0.05099252,0.30350599,-121.59349,1
331,2022-07-17 10:52:45.755,-0.37009227,0.22240894,-60.796745,1
332,2022-07-17 10:52:45.855,-0.94285986,0.23284843,-187.15861,1
333,2022-07-17 10:52:45.955,-1.1426237,0.032449491,50.067908,1
334,2022-07-17 10:52:46.055,-0.70564438,-0.38987551,-69.141396,1
335,2022-07-17 10:52:46.155,0.28981953,-0.67905645,-121.59349,1
336,2022-07-17 10:52:46.255,1.1314041,-0.32013228,-102.52,1
337,2022-07-17 10:52:46.355,1.125852,0.14355719,25.033954,1
338,2022-07-17 10:52:46.455,0.46330218,0.41129203,-109.67256,1
339,2022-07-17 10:52:46.555,-0.22116894,0.31135297,-35.762791,1
340,2022-07-17 10:52:46.655,-1.0267589,0.23571871,-82.25442,1
341,2022-07-17 10:52:46.755,-1.3702583,0.17536177,-38.146977,1
342,2022-07-17 10:52:46.855,-0.37811682,-0.11337937,-60.796745,1
343,2022-07-17 10:52:46.955,-0.028667994,0.11418309,-51.260001,1
344,2022-07-17 10:52:47.055,0.033188389,0.031674052,-33.378605,1
345,2022-07-17 10:52:47.155,-0.055313481,0.043907473,0.0,1
346,2022-07-17 10:52:47.255,-0.14841815,0.11519001,-33.378605,1
347,2022-07-17 10:52:47.355,-0.14532754,0.16518847,-23.841861,1
348,2022-07-17 10:52:47.455,-0.1112094,0.18936597,61.988838,1
349,2022-07-17 10:52:47.555,-0.18424717,0.23619324,2.3841861,1
350,2022-07-17 10:52:47.655,-0.18753647,0.23327666,4.7683722,1
351,2022-07-17 10:52:47.755,-0.18690731,0.2617943,72.717675,1
352,2022-07-17 10:52:47.855,-0.21126795,0.24416753,157.35628000000003,1
353,2022-07-17 10:52:47.955,-0.23867505,0.27229167,-13.113023,1
354,2022-07-17 10:52:48.055,0.063829596,-0.068716385,10.728837,1
355,2022-07-17 10:52:48.155,0.04920438,-0.14322799,71.525582,1
356,2022-07-17 10:52:48.255,0.032172903,-0.096528031,8.344651299999999,1
357,2022-07-17 10:52:48.355,0.055473906,-0.13626061,112.05675,1
358,2022-07-17 10:52:48.455,0.098002929,-0.12149254,88.21488500000001,1
359,2022-07-17 10:52:48.555,0.075132404,-0.10890034,19.073489,1
360,2022-07-17 10:52:48.655,0.080066344,-0.095567413,-1.192093,1
361,2022-07-17 10:52:48.755,0.046864346,-0.12818215,45.299535000000006,1
362,2022-07-17 10:52:48.855,0.059580005,-0.14729036,78.67814000000001,1
363,2022-07-17 10:52:48.955,0.058023661,-0.10798601,4.7683722,1
364,2022-07-17 10:52:49.055,0.086920879,-0.11391176,64.373024,1
365,2022-07-17 10:52:49.155,-0.011537175,-0.099433035,29.802326,1
366,2022-07-17 10:52:49.255,-0.01755283,-0.095856756,87.022792,1
367,2022-07-17 10:52:49.355,0.021168118,-0.12003425,123.97768,1
368,2022-07-17 10:52:49.455,0.024755435,-0.12576324,-3.5762791000000003,1
369,2022-07-17 10:52:49.555,0.028166146,-0.096354425,17.881396,1
370,2022-07-17 10:52:49.655,0.0120177,-0.062339266,2.3841861,1
371,2022-07-17 10:52:49.755,-0.10889144,-0.1277655,90.599071,1
372,2022-07-17 10:52:53.769,-0.18935772,-0.17257894,46.491628000000006,1
373,2022-07-17 10:52:53.869,-0.096606259,0.0969614,137.0907,1
374,2022-07-17 10:52:53.969,1.1976205,-0.57166391,137.0907,1
375,2022-07-17 10:52:54.069,1.7322521,-0.38215584,184.77442,1
376,2022-07-17 10:52:54.169,1.7014895,-0.050383614,67.949303,1
377,2022-07-17 10:52:54.269,0.63208269,0.37061041,91.791164,1
378,2022-07-17 10:52:54.369,-0.29920689,0.32041519,102.52,1
379,2022-07-17 10:52:54.469,-1.140957,0.12966873,79.870234,1
380,2022-07-17 10:52:54.569,-1.2157167,0.26427108,128.74605,1
381,2022-07-17 10:52:54.669,-1.0898847,0.12224998,79.870234,1
382,2022-07-17 10:52:54.769,-0.028789411,-0.19154826,-116.82512,1
383,2022-07-17 10:52:54.869,-0.042388102,0.079299905,52.452094,1
384,2022-07-17 10:52:54.969,-0.37124021,-0.13426993,141.85907,1
385,2022-07-17 10:52:55.069,0.12527758,-0.33771276,92.983257,1
386,2022-07-17 10:52:55.169,1.0739298,-0.56628213,8.344651299999999,1
387,2022-07-17 10:52:55.269,1.1273863,-0.19621247,70.333489,1
388,2022-07-17 10:52:55.369,0.72017615,0.19315058,115.63302,1
389,2022-07-17 10:52:55.469,0.093808528,0.42053943,157.35628000000003,1
390,2022-07-17 10:52:55.569,-0.4873589,0.25747731,119.2093,1
391,2022-07-17 10:52:55.669,-0.94513367,0.16392694,78.67814000000001,1
392,2022-07-17 10:52:55.769,-0.93209791,0.26225725,112.05675,1
393,2022-07-17 10:52:55.869,-0.71619662,-0.036460431,141.85907,1
394,2022-07-17 10:52:55.969,-0.036813963,-0.60066765,103.71209,1
395,2022-07-17 10:52:56.069,0.87371332,-0.59676731,122.78558,1
396,2022-07-17 10:52:56.169,0.87611958,-0.095521118,47.683722,1
397,2022-07-17 10:52:56.269,0.44824649,0.36779799,156.16419,1
398,2022-07-17 10:52:56.369,-0.12838437,0.29427016,137.0907,1
399,2022-07-17 10:52:56.469,-0.69726662,0.27921275,125.16977,1
400,2022-07-17 10:53:01.909,-0.82649834,0.21663365,118.01721,1
401,2022-07-17 10:53:02.009,-0.1667521,-0.25984478,34.570698,1
402,2022-07-17 10:53:02.109,0.081986939,-0.12645767,75.101861,1
403,2022-07-17 10:53:02.209,0.18235455,-0.13033486,-32.186512,1
404,2022-07-17 10:53:02.309,-0.050103593,-0.12848307,138.28279,1
405,2022-07-17 10:53:02.409,0.0014213174,-0.029620363,56.028373,1
406,2022-07-17 10:53:02.509,0.13161333,-0.059191214,-14.305116,1
407,2022-07-17 10:53:02.609,-0.085998839,-0.054469137,87.022792,1
408,2022-07-17 10:53:02.709,-0.089045299,-0.011507493,38.146977,1
409,2022-07-17 10:53:02.809,-0.038944277,-0.02724775,-15.497209,1
410,2022-07-17 10:53:02.909,-0.027453825,0.0023115274,30.994419,1
411,2022-07-17 10:53:03.009,-0.13069129,0.038236351,67.949303,1
412,2022-07-17 10:53:03.109,-0.10844992,0.052321566,-17.881396,1
413,2022-07-17 10:53:03.209,-0.016736026,-0.021727087,60.796745,1
414,2022-07-17 10:53:03.309,-0.026868816,-0.00098698244,78.67814000000001,1
415,2022-07-17 10:53:11.764,-0.043072451,0.0020106107,109.67256,1
416,2022-07-17 10:53:11.864,-0.002662705,0.019035551,23.841861,1
417,2022-07-17 10:53:11.964,0.019026766,0.011570502,-10.728837,1
418,2022-07-17 10:53:12.064,0.020770754,0.032183296,77.486047,1
419,2022-07-17 10:53:12.164,0.028949836,0.019892006,108.48047,1
420,2022-07-17 10:53:12.264,0.048619371,0.010123788,-3.5762791000000003,1
421,2022-07-17 10:53:12.364,-0.036074424,-0.0062298771,-34.570698,1
422,2022-07-17 10:53:12.464,-0.028127137,0.016963855,34.570698,1
423,2022-07-17 10:53:12.564,-0.011537175,0.042229284,42.915349000000006,1
424,2022-07-17 10:53:12.664,-0.016128941,0.01209132,70.333489,1
425,2022-07-17 10:53:12.764,-0.027553166,0.029278292,139.47489000000002,1
426,2022-07-17 10:53:12.864,0.031632046,0.0671475,47.683722,1
427,2022-07-17 10:53:12.964,-0.047940165,0.031535167,42.915349000000006,1
428,2022-07-17 10:53:13.064,-0.10146293,0.039034937,96.559536,1
429,2022-07-17 10:53:13.164,-0.10050264,0.060411596,63.180931,1
430,2022-07-17 10:53:13.264,-0.089332284,0.036824357,47.683722,1
431,2022-07-17 10:53:13.364,-0.064761922,0.032842998,66.75721,1
432,2022-07-17 10:53:13.464,-0.089376436,-0.086979713,109.67256,1
433,2022-07-17 10:53:13.564,-0.056450384,0.098130345,146.62744,1
434,2022-07-17 10:53:13.664,-0.18893828,0.078235123,21.457675,1
435,2022-07-17 10:53:13.764,-0.1520717,0.13398573,154.97209,1
436,2022-07-17 10:53:13.864,-0.17575903,0.13112702,103.71209,1
437,2022-07-17 10:53:13.964,-0.084917125,0.13077981,15.497209,1
438,2022-07-17 10:53:14.064,-0.12433346,0.091741653,149.01163,1
439,2022-07-17 10:53:14.164,-0.086407241,0.14264287,109.67256,1
440,2022-07-17 10:53:14.264,-0.093405269,0.13130062,52.452094,1
441,2022-07-17 10:53:14.364,-0.083713994,0.13947167,88.21488500000001,1
442,2022-07-17 10:53:14.464,-0.12021632,0.10153302,71.525582,1
443,2022-07-17 10:53:14.564,-0.093614989,0.10873187,94.17535,1
444,2022-07-17 10:53:14.664,-0.055622542,0.089496351,97.751629,1
445,2022-07-17 10:53:14.764,-0.069541332,0.17106792,143.05116,1
446,2022-07-17 10:53:14.864,0.022095301,0.19453942,-41.723256000000006,1
447,2022-07-17 10:53:14.964,-0.01208907,-0.031877238,284.91024,1
448,2022-07-17 10:53:15.064,0.24429924,-0.35367292,226.49768,1
449,2022-07-17 10:53:15.164,0.73759396,-0.5940822,263.45256,1
450,2022-07-17 10:53:15.264,1.1404441,-0.45469991,189.54279,1
451,2022-07-17 10:53:15.364,0.76366547,-0.027872731,382.66187,1
452,2022-07-17 10:53:15.464,0.26580106,0.29221004,330.20977,1
453,2022-07-17 10:53:15.564,-0.20956811,0.37389734,259.87628,1
454,2022-07-17 10:53:15.664,-0.49886039,0.32943112,277.75768,1
455,2022-07-17 10:53:15.764,-0.7178523,0.21701559,287.29442,1
456,2022-07-17 10:53:15.864,-0.60400742,0.21536054,251.53163,1
457,2022-07-17 10:53:15.964,-0.37771946,0.045145861,385.04605,1
458,2022-07-17 10:53:16.064,0.15031153,-0.46829903,362.3962800000001,1
459,2022-07-17 10:53:16.164,0.66510808,-0.65263365,319.48092999999994,1
460,2022-07-17 10:53:16.264,0.85930886,-0.349761,385.04605,1
461,2022-07-17 10:53:16.364,0.55706913,0.22486257,321.86512,1
462,2022-07-17 10:53:16.464,0.070198463,0.42498374,331.40186,1
463,2022-07-17 10:53:16.564,-0.25465793,0.37279784,334.97814,1
464,2022-07-17 10:53:16.664,-0.59642438,0.37741575,334.97814,1
465,2022-07-17 10:53:18.444,-0.67080878,0.1929654,429.15349,1
466,2022-07-17 10:53:18.544,-0.31407494,-0.36077918,338.55442,1
467,2022-07-17 10:53:18.644,0.30293255,-0.66757532,317.09675,1
468,2022-07-17 10:53:18.744,0.61133144,-0.3145306,325.4414,1
469,2022-07-17 10:53:18.844,0.11217559,0.01439449,175.23767999999998,1
470,2022-07-17 10:53:18.944,-0.18146562,0.026049225,160.93256,1
471,2022-07-17 10:53:19.044,-0.20489908,-0.13146909,97.751629,1
472,2022-07-17 10:53:19.144,-0.047973278,-0.11031233,227.68977,1
473,2022-07-17 10:53:19.244,0.01590304,-0.12458273,193.11907,1
474,2022-07-17 10:53:19.344,0.067405875,-0.13688559,213.38465,1
475,2022-07-17 10:53:19.444,-0.01492581,-0.16565785,165.70093,1
476,2022-07-17 10:53:19.544,-0.085546285,-0.24234531,228.88186,1
477,2022-07-17 10:53:19.644,0.071622352,-0.19208065,234.84233,1
478,2022-07-17 10:53:19.744,0.09358777,-0.20371224,30.994419,1
479,2022-07-17 10:53:19.844,-0.039838347,-0.25909249,182.39023,1
480,2022-07-17 10:53:19.944,-0.013380504,0.081394748,257.4921,1
481,2022-07-17 10:53:20.044,-0.035544605,0.049023057,262.26047,1
482,2022-07-17 10:53:20.144,-0.043204906,0.052159534,123.97768,1
483,2022-07-17 10:53:20.244,0.026907825,0.067529433,147.81954,1
484,2022-07-17 10:53:20.344,0.0090264295,0.083165527,150.20372,1
485,2022-07-17 10:53:20.444,0.0047658007,0.051245211,162.12464999999997,1
486,2022-07-17 10:53:20.544,-0.046924678,0.075434283,165.70093,1
487,2022-07-17 10:53:20.644,-0.050556147,0.023445138,234.84233,1
488,2022-07-17 10:53:20.744,0.02567158,0.040759421,184.77442,1
489,2022-07-17 10:53:20.844,-0.010488575,0.055689519,195.50326,1
490,2022-07-17 10:53:20.944,0.048387576,0.025539981,232.45814,1
491,2022-07-17 10:53:21.044,0.024402222,0.054485852,276.56558,1
492,2022-07-17 10:53:21.144,-0.046306556,0.079195741,219.34512,1
493,2022-07-17 10:53:21.244,-0.036714622,0.079531379,239.6107,1
494,2022-07-17 10:53:21.344,0.059083299,0.04533104,205.04,1
495,2022-07-17 10:53:21.444,0.050539966,0.033548994,188.3507,1
496,2022-07-17 10:53:21.544,-0.032917585,0.04081729,131.13022999999998,1
497,2022-07-17 10:53:21.644,-0.0076959867,0.086313579,70.333489,1
498,2022-07-17 10:53:21.744,-0.0036340401,0.054809916,226.49768,1
499,2022-07-17 10:53:21.844,-0.0033912063,0.0094525119,267.02884,1
500,2022-07-17 10:53:21.944,0.026698105,0.074809302,152.58791,1
501,2022-07-17 10:53:22.044,0.014909629,0.046905066,104.90419,1
502,2022-07-17 10:53:22.144,0.019026766,0.082945626,258.68419,1
503,2022-07-17 10:53:22.244,-0.0027178945,0.11931025,283.71814,1
504,2022-07-17 10:53:22.344,0.0020946293,0.065145247,94.17535,1
505,2022-07-17 10:53:22.444,0.011918359,0.055909419,267.02884,1
506,2022-07-17 10:53:22.544,-0.092897525,0.079461937,115.63302,1
507,2022-07-17 10:53:22.644,-0.15679592,-0.20951067,52.452094,1
508,2022-07-17 10:53:22.744,0.47744173,0.215511,383.85396,1
509,2022-07-17 10:53:22.844,0.1864165,0.43976338,355.24373,1
510,2022-07-17 10:53:22.944,-0.02343603,0.4960348,432.72977,1
511,2022-07-17 10:53:23.044,-0.24456929,0.31695465,411.2721,1
512,2022-07-17 10:53:23.144,-0.41086627,0.24864656,538.82605,1
513,2022-07-17 10:53:23.244,-0.6133234,0.2879972,432.72977,1
514,2022-07-17 10:53:23.344,-0.63048733,0.027831577,448.22698,1
515,2022-07-17 10:53:26.553,-0.31886538,-0.41567333,457.76373,1
516,2022-07-17 10:53:26.653,0.25406778,-0.65090916,382.66187,1
517,2022-07-17 10:53:26.753,0.68218371,-0.52260292,402.92745,1
518,2022-07-17 10:53:26.853,0.75948211,0.084322899,368.35675,1
519,2022-07-17 10:53:26.953,0.4565801,0.45182319,454.18745,1
520,2022-07-17 10:53:27.053,0.06007671,0.39253103,410.08,1
521,2022-07-17 10:53:27.153,-0.29582929,0.30458234,468.49256,1
522,2022-07-17 10:53:27.253,-0.61527711,0.33549574,318.28884,1
523,2022-07-17 10:53:27.353,-0.75875875,0.11450716,474.45303,1
524,2022-07-17 10:53:27.453,-0.55825533,-0.40349778,382.66187,1
525,2022-07-17 10:53:27.553,0.26328442,-0.67675328,350.47535,1
526,2022-07-17 10:53:27.653,0.90092174,-0.28637174,443.45861,1
527,2022-07-17 10:53:27.753,0.89157264,0.22558014,431.53768,1
528,2022-07-17 10:53:27.853,0.36699652,0.36381663,365.97256,1
529,2022-07-17 10:53:27.953,-0.16605672,0.10501671,268.22093,1
530,2022-07-17 10:53:28.053,-0.42697056,0.14444837,247.95535,1
531,2022-07-17 10:53:28.153,-0.070976259,0.11019016,132.32233,1
532,2022-07-17 10:53:28.253,0.088940815,0.10410238,154.97209,1
533,2022-07-17 10:53:28.353,0.089117421,0.13039787,203.84791,1
534,2022-07-17 10:53:28.453,0.064160732,0.10674119,227.68977,1
535,2022-07-17 10:53:28.553,0.13810361,0.050157281,209.80837,1
536,2022-07-17 10:53:28.653,0.10369848,0.039312706,207.42419,1
537,2022-07-17 10:53:28.753,0.11662386,0.018873519,224.11349,1
538,2022-07-17 10:53:28.853,0.11132567,-0.018359134,196.69535,1
539,2022-07-17 10:53:28.953,0.13738615,-0.033613296,239.6107,1
540,2022-07-17 10:53:29.053,0.12090657,-0.017213336,146.62744,1
541,2022-07-17 10:53:29.153,-0.13596741,0.044312553,203.84791,1
542,2022-07-17 10:53:29.253,-0.13058091,0.11691449,156.16419,1
543,2022-07-17 10:53:29.353,-0.10275437,0.10159089,79.870234,1
544,2022-07-17 10:53:29.453,-0.098272982,0.10772496,115.63302,1
545,2022-07-17 10:53:29.553,-0.057642477,0.089820415,222.9214,1
546,2022-07-17 10:53:29.653,-0.10319588,0.09475082,219.34512,1
547,2022-07-17 10:53:29.753,-0.063923042,0.16942445,114.44093,1
548,2022-07-17 10:53:29.853,-0.15829707,0.11801399,201.46372,1
549,2022-07-17 10:53:29.953,-0.065159286,0.04321305,174.04558,1
550,2022-07-17 10:53:30.053,-0.056858787,0.040111293,149.01163,1
551,2022-07-17 10:53:34.639,-0.073084497,0.018885093,146.62744,1
552,2022-07-17 10:53:34.739,-0.032332576,0.067807202,160.93256,1
553,2022-07-17 10:53:34.839,-0.045699471,0.052599336,176.42977000000002,1
554,2022-07-17 10:53:34.939,-0.027012309,0.076163427,84.638606,1
555,2022-07-17 10:53:35.039,-0.094575286,0.022820157,110.86465,1
556,2022-07-17 10:53:35.139,-0.10566837,0.054902506,77.486047,1
557,2022-07-17 10:53:35.239,0.041941443,0.10583844,209.80837,1
558,2022-07-17 10:53:35.339,0.021587558,0.113697,134.70651,1
559,2022-07-17 10:53:35.439,0.11250673,-0.13987161,228.88186,1
560,2022-07-17 10:53:35.539,-1.5027352,0.0074849797,280.14186,1
561,2022-07-17 10:53:35.639,-1.4833858,-0.2185729,345.70698,1
562,2022-07-17 10:53:35.739,-0.62321336,-0.30910252,348.09117000000003,1
563,2022-07-17 10:53:35.839,1.064967,-0.50931629,312.32838,1
564,2022-07-17 10:53:35.939,1.8032037,-0.18107405,385.04605,1
565,2022-07-17 10:53:36.039,1.1108515,0.36313379,336.17024000000004,1
566,2022-07-17 10:53:36.139,0.18429722,0.37380475,365.97256,1
567,2022-07-17 10:53:36.239,-0.048834234,0.078871677,238.41861,1
568,2022-07-17 10:53:36.339,-0.24813453,0.2462045,175.23767999999998,1
569,2022-07-17 10:53:36.439,-0.1031407,0.22549912,216.96093,1
570,2022-07-17 10:53:36.539,-0.029396495,0.24326478,203.84791,1
571,2022-07-17 10:53:36.639,-0.035257619,0.21590451,216.96093,1
572,2022-07-17 10:53:36.739,-0.11350528,0.21503648,284.91024,1
573,2022-07-17 10:53:36.839,-0.028491387,0.18850952,218.15303,1
574,2022-07-17 10:53:36.939,-0.064331444,0.20661081,154.97209,1
575,2022-07-17 10:53:42.668,-0.0037775327,0.15133473,168.08512000000002,1
576,2022-07-17 10:53:42.768,0.0018738713,0.10913695,59.604652,1
577,2022-07-17 10:53:42.868,0.017834673,0.073258424,197.88744,1
578,2022-07-17 10:53:42.968,0.027735667,0.019290173,174.04558,1
579,2022-07-17 10:53:43.068,-0.035798476,-0.0613555,252.72372,1
580,2022-07-17 10:53:43.168,-0.037630767,0.0080173708,209.80837,1
581,2022-07-17 10:53:43.268,-0.032431917,-0.037907145,188.3507,1
582,2022-07-17 10:53:43.368,-0.0243301,-0.023833503,301.59954,1
583,2022-07-17 10:53:43.468,-0.053348735,-0.0077576079,205.04,1
584,2022-07-17 10:53:43.568,-0.045048235,0.00086481257,227.68977,1
585,2022-07-17 10:53:52.140,-0.013424656,0.0044989603,149.01163,1
586,2022-07-17 10:53:52.240,-0.0033691305,0.0026124441,163.31675,1
587,2022-07-17 10:53:52.340,-0.03992665,0.0042906333,140.66698,1
588,2022-07-17 10:53:52.440,-0.055754997,-0.011970442,244.37907,1
589,2022-07-17 10:53:52.540,-0.050478881,-0.024898286,232.45814,1
590,2022-07-17 10:53:52.640,-0.02101873,-0.0084983259,101.32791,1
591,2022-07-17 10:53:52.740,0.0049975966,0.018850372,196.69535,1
592,2022-07-17 10:53:52.840,-0.029749708,0.049115646,156.16419,1
593,2022-07-17 10:53:52.940,-0.056969166,-0.0041929025,201.46372,1
594,2022-07-17 10:53:53.040,-0.069143968,-0.010697333,191.92698,1
595,2022-07-17 10:53:53.140,-0.036184803,-0.017074452,172.85349,1
596,2022-07-17 10:53:53.240,-0.04323802,0.042993149,194.31117,1
597,2022-07-17 10:53:53.340,-0.032542296,0.016003237,189.54279,1
598,2022-07-17 10:53:53.440,-0.068095367,0.029590783,171.6614,1
599,2022-07-17 10:53:53.540,-0.048900462,-0.0070631848,195.50326,1
